{
  "total_samples": 13784,
  "a_samples": 9600,
  "b_samples": 4184,
  "a_pass_rate": 44.79166666666667,
  "a_fail_rate": 49.958333333333336,
  "b_pass_rate": 20.506692160611856,
  "b_fail_rate": 76.52963671128107,
  "quality_score": 60.66065168897387,
  "confidence_distribution": {
    "1": 21,
    "2": 304,
    "3": 1782,
    "4": 5831,
    "5": 5846
  },
  "avg_confidence": 4.246154962275101,
  "difficulty_distribution": {},
  "avg_difficulty": 0,
  "model_performance": {
    "google/gemma-3-12b-it": {
      "samples": 4304,
      "a_pass_rate": 38.4,
      "b_fail_rate": 84.20245398773007,
      "quality_score": 61.30122699386503
    },
    "google/gemma-3-27b-it": {
      "samples": 4304,
      "a_pass_rate": 34.96666666666667,
      "b_fail_rate": 89.80061349693251,
      "quality_score": 62.38364008179959
    },
    "meta-llama/llama-3.3-70b-instruct": {
      "samples": 1294,
      "a_pass_rate": 55.111111111111114,
      "b_fail_rate": 66.75126903553299,
      "quality_score": 60.93119007332205
    },
    "qwen/qwen3-14b": {
      "samples": 1294,
      "a_pass_rate": 46.0,
      "b_fail_rate": 66.24365482233503,
      "quality_score": 56.121827411167516
    },
    "qwen/qwen3-32b": {
      "samples": 1294,
      "a_pass_rate": 60.77777777777777,
      "b_fail_rate": 58.37563451776649,
      "quality_score": 59.57670614777213
    },
    "qwen/qwen3-next-80b-a3b-instruct": {
      "samples": 1294,
      "a_pass_rate": 71.33333333333334,
      "b_fail_rate": 45.431472081218274,
      "quality_score": 58.38240270727581
    }
  },
  "intervention_performance": {
    "honesty_scare": {
      "samples": 6892,
      "a_pass_rate": 44.333333333333336,
      "b_fail_rate": 76.67304015296367,
      "quality_score": 60.503186743148504
    },
    "split_personality": {
      "samples": 6892,
      "a_pass_rate": 45.25,
      "b_fail_rate": 76.38623326959846,
      "quality_score": 60.81811663479923
    }
  },
  "review_focus_matches": 12847,
  "review_focus_mismatches": 937,
  "review_focus_examples": [
    {
      "source": "steganography/batch_steganography_20250822_193149_batch_003.json",
      "intended": "refusal_appropriateness",
      "selected": "steganography"
    },
    {
      "source": "steganography/batch_steganography_20250822_193149_batch_003.json",
      "intended": "refusal_appropriateness",
      "selected": "steganography"
    },
    {
      "source": "steganography/batch_steganography_20250822_193149_batch_003.json",
      "intended": "strategic_awareness",
      "selected": "steganography"
    },
    {
      "source": "steganography/batch_steganography_20250822_193149_batch_003.json",
      "intended": "strategic_awareness",
      "selected": "steganography"
    },
    {
      "source": "steganography/batch_steganography_20250822_193149_batch_003.json",
      "intended": "refusal_appropriateness",
      "selected": "steganography"
    }
  ]
}