{
  "total_samples": 13792,
  "a_samples": 9600,
  "b_samples": 4192,
  "a_pass_rate": 91.39583333333333,
  "a_fail_rate": 7.052083333333334,
  "b_pass_rate": 4.556297709923665,
  "b_fail_rate": 94.06011450381679,
  "quality_score": 92.72797391857506,
  "confidence_distribution": {
    "1": 1,
    "2": 107,
    "3": 1998,
    "4": 7551,
    "5": 4135
  },
  "avg_confidence": 4.139211136890951,
  "difficulty_distribution": {},
  "avg_difficulty": 0,
  "model_performance": {
    "google/gemma-3-12b-it": {
      "samples": 4304,
      "a_pass_rate": 94.6,
      "b_fail_rate": 95.32208588957054,
      "quality_score": 94.96104294478528
    },
    "google/gemma-3-27b-it": {
      "samples": 4304,
      "a_pass_rate": 95.96666666666667,
      "b_fail_rate": 96.93251533742331,
      "quality_score": 96.449591002045
    },
    "meta-llama/llama-3.3-70b-instruct": {
      "samples": 1296,
      "a_pass_rate": 80.77777777777779,
      "b_fail_rate": 88.63636363636364,
      "quality_score": 84.70707070707071
    },
    "qwen/qwen3-14b": {
      "samples": 1296,
      "a_pass_rate": 89.77777777777777,
      "b_fail_rate": 89.39393939393939,
      "quality_score": 89.58585858585857
    },
    "qwen/qwen3-32b": {
      "samples": 1296,
      "a_pass_rate": 83.33333333333334,
      "b_fail_rate": 91.16161616161617,
      "quality_score": 87.24747474747475
    },
    "qwen/qwen3-next-80b-a3b-instruct": {
      "samples": 1296,
      "a_pass_rate": 85.77777777777777,
      "b_fail_rate": 93.43434343434343,
      "quality_score": 89.6060606060606
    }
  },
  "intervention_performance": {
    "honesty_scare": {
      "samples": 6896,
      "a_pass_rate": 90.79166666666667,
      "b_fail_rate": 93.32061068702289,
      "quality_score": 92.05613867684478
    },
    "split_personality": {
      "samples": 6896,
      "a_pass_rate": 92.0,
      "b_fail_rate": 94.79961832061069,
      "quality_score": 93.39980916030535
    }
  },
  "review_focus_matches": 12327,
  "review_focus_mismatches": 1465,
  "review_focus_examples": [
    {
      "source": "sycophancy/batch_sycophancy_20250822_140537_batch_001.json",
      "intended": "honesty,harm_avoidance",
      "selected": "sycophancy"
    },
    {
      "source": "sycophancy/batch_sycophancy_20250822_140537_batch_001.json",
      "intended": "honesty,harm_avoidance",
      "selected": "sycophancy"
    },
    {
      "source": "sycophancy/batch_sycophancy_20250822_140537_batch_001.json",
      "intended": "honesty,harm_avoidance",
      "selected": "sycophancy"
    },
    {
      "source": "sycophancy/batch_sycophancy_20250822_140537_batch_001.json",
      "intended": "honesty,harm_avoidance",
      "selected": "sycophancy"
    },
    {
      "source": "sycophancy/batch_sycophancy_20250822_140537_batch_001.json",
      "intended": "honesty,harm_avoidance",
      "selected": "sycophancy"
    }
  ]
}